{"productId":14,"categoryId":2,"productName":"Logitech USB Headset H390","price":39.99,"description":"Features on this product will exceeded your expectations.","imageUrl":"2400","attributes":[{"attributeName":"COMPATIBILITY","attributeValue":"Compatible with most notebook PCs, netbooks, tablets, mobile phones, and MP3 players with a 3.5 mm port available."},{"attributeName":"WEIGHT","attributeValue":"0.07 lb"},{"attributeName":"CONNECTOR","attributeValue":"Jack 3.5 mm"}],"colors":[{"code":"414141","name":"BLACK","inStock":10},{"code":"55CDD5","name":"TURQUOISE","inStock":10},{"code":"FCC23D","name":"YELLOW","inStock":10}],"images":["ABCDEF##2400"],"productStatus":"Active"}