<SOAP-ENV:Envelope xmlns:SOAP-ENV="http://schemas.xmlsoap.org/soap/envelope/"><SOAP-ENV:Header/><SOAP-ENV:Body><ns2:GetAccountByIdResponse xmlns:ns2="com.advantage.online.store.accountservice"><ns2:AccountResponse><ns2:id>466394988</ns2:id><ns2:lastName>Sobolev</ns2:lastName><ns2:firstName>Nikita</ns2:firstName><ns2:loginName>Kossy</ns2:loginName><ns2:accountType>20</ns2:accountType><ns2:countryId>82</ns2:countryId><ns2:countryName>Denmark</ns2:countryName><ns2:countryIsoName>dk</ns2:countryIsoName><ns2:stateProvince>35</ns2:stateProvince><ns2:cityName>Paol</ns2:cityName><ns2:address>Stat</ns2:address><ns2:zipcode>4433</ns2:zipcode><ns2:phoneNumber>89225936182</ns2:phoneNumber><ns2:email>kossy-1998@mail.ru</ns2:email><ns2:defaultPaymentMethodId>0</ns2:defaultPaymentMethodId><ns2:allowOffersPromotion>true</ns2:allowOffersPromotion><ns2:internalUnsuccessfulLoginAttempts>0</ns2:internalUnsuccessfulLoginAttempts><ns2:internalUserBlockedFromLoginUntil>0</ns2:internalUserBlockedFromLoginUntil><ns2:internalLastSuccesssulLogin>0</ns2:internalLastSuccesssulLogin><ns2:loginPassword>8f0c58db9922b7e45bf41f22b4b209b6db95aef6</ns2:loginPassword><ns2:aobUser>false</ns2:aobUser></ns2:AccountResponse></ns2:GetAccountByIdResponse></SOAP-ENV:Body></SOAP-ENV:Envelope>