<SOAP-ENV:Envelope xmlns:SOAP-ENV="http://schemas.xmlsoap.org/soap/envelope/"><SOAP-ENV:Header/><SOAP-ENV:Body><ns2:AccountLoginResponse xmlns:ns2="com.advantage.online.store.accountservice"><ns2:StatusMessage><ns2:success>true</ns2:success><ns2:userId>466394988</ns2:userId><ns2:reason>Login Successful</ns2:reason><ns2:token>eyJ0eXAiOiJKV1QiLCJhbGciOiJIUzI1NiJ9.eyJpc3MiOiJ3d3cuYWR2YW50YWdlb25saW5lc2hvcHBpbmcuY29tIiwidXNlcklkIjo0NjYzOTQ5ODgsInN1YiI6Iktvc3N5Iiwicm9sZSI6IlVTRVIifQ.z7w0u5rwLtHXvx-rL1WIL0GKvutI3iCyeo6O_ddDT_k</ns2:token><ns2:sessionId>1805500af6c@7E641753B9^i%466394988</ns2:sessionId><ns2:t_authorization>S29zc3k6MUZhcw==</ns2:t_authorization><ns2:accountType>20</ns2:accountType></ns2:StatusMessage></ns2:AccountLoginResponse></SOAP-ENV:Body></SOAP-ENV:Envelope>