{"categoryId":2,"categoryName":"HEADPHONES","categoryImageId":"headphones","promotedProduct":{"id":13,"staringPrice":"200","promotionHeader":"FEEL YOUR MUSIC","promotionSubHeader":"Lighter, stronger and more confortable","productName":"Bose SoundLink Around-ear Wireless Headphones II","price":279.95,"description":"Wireless freedom meets best-in-class sound.","imageUrl":"2300","attributes":[{"attributeName":"COMPATIBILITY","attributeValue":"Compatible with most notebook PCs, netbooks, tablets, mobile phones, and MP3 players with BlueTooth support."},{"attributeName":"WEIGHT","attributeValue":"0.15 lb"},{"attributeName":"CONNECTOR","attributeValue":"BlueTooth"}]},"attributes":[{"attributeName":"CONNECTOR","attributeValues":["Jack 3.5 mm","BlueTooth"]},{"attributeName":"COMPATIBILITY","attributeValues":["Compatible with most notebook PCs, netbooks, tablets, mobile phones, and MP3 players with BlueTooth support.","Compatible with most notebook PCs, netbooks, tablets, mobile phones, and MP3 players with a 3.5 mm port available.","Compatible across all devices having 3.5 mm audio connector (Smart phone compatibility may vary)."]},{"attributeName":"WEIGHT","attributeValues":["0.15 lb","0.03 lb","0.07 lb","0.57 lb"]}],"products":[{"productId":15,"categoryId":2,"productName":"Beats Studio 2 Over-Ear Matte Black Headphones","price":179.99,"description":"The world’s most famous headphone has been completely redesigned and reimagined. The new Beats Studio® is lighter, sexier, stronger, and more comfortable, with precision sound, Adaptive Noise Canceling, a 20-hour rechargeable battery, and RemoteTalk™. It has all the energy and excitement you expect from Beats, plus a powerful, reengineered sound.","imageUrl":"2200","attributes":[{"attributeName":"CONNECTOR","attributeValue":"Jack 3.5 mm"},{"attributeName":"WEIGHT","attributeValue":"0.57 lb"},{"attributeName":"COMPATIBILITY","attributeValue":"Compatible across all devices having 3.5 mm audio connector (Smart phone compatibility may vary)."}],"colors":[{"code":"414141","name":"BLACK","inStock":10}],"images":["414141##2200","414141##2201"],"productStatus":"Active"},{"productId":13,"categoryId":2,"productName":"Bose SoundLink Around-ear Wireless Headphones II","price":279.95,"description":"Wireless freedom meets best-in-class sound.","imageUrl":"2300","attributes":[{"attributeName":"COMPATIBILITY","attributeValue":"Compatible with most notebook PCs, netbooks, tablets, mobile phones, and MP3 players with BlueTooth support."},{"attributeName":"WEIGHT","attributeValue":"0.15 lb"},{"attributeName":"CONNECTOR","attributeValue":"BlueTooth"}],"colors":[{"code":"414141","name":"BLACK","inStock":0},{"code":"55CDD5","name":"TURQUOISE","inStock":0}],"images":["ABCDEF##2300","ABCDEF##2301"],"productStatus":"OutOfStock"},{"productId":12,"categoryId":2,"productName":"HP H2310 In-ear Headset","price":13.99,"description":"Enjoy an acoustic concert in your ears with HP’s In-Ear Headset H2310. Available in trend-setting design in four color options and compatible with most smartphones, MP3 players and tablets – including Android™ and Apple®. Easily switch from jamming to tunes to connecting with friends using the inline microphone. Quality craftsmanship, value priced, and awesome sound.","imageUrl":"2100","attributes":[{"attributeName":"CONNECTOR","attributeValue":"Jack 3.5 mm"},{"attributeName":"WEIGHT","attributeValue":"0.03 lb"},{"attributeName":"COMPATIBILITY","attributeValue":"Compatible with most notebook PCs, netbooks, tablets, mobile phones, and MP3 players with a 3.5 mm port available."}],"colors":[{"code":"414141","name":"BLACK","inStock":10},{"code":"3683D1","name":"BLUE","inStock":10},{"code":"C3C3C3","name":"GRAY","inStock":10},{"code":"545195","name":"PURPLE","inStock":10},{"code":"DD3A5B","name":"RED","inStock":10},{"code":"55CDD5","name":"TURQUOISE","inStock":10},{"code":"FFFFFF","name":"WHITE","inStock":10},{"code":"FCC23D","name":"YELLOW","inStock":10}],"images":["ABCDEF##2100"],"productStatus":"Active"},{"productId":14,"categoryId":2,"productName":"Logitech USB Headset H390","price":39.99,"description":"Features on this product will exceeded your expectations.","imageUrl":"2400","attributes":[{"attributeName":"CONNECTOR","attributeValue":"Jack 3.5 mm"},{"attributeName":"COMPATIBILITY","attributeValue":"Compatible with most notebook PCs, netbooks, tablets, mobile phones, and MP3 players with a 3.5 mm port available."},{"attributeName":"WEIGHT","attributeValue":"0.07 lb"}],"colors":[{"code":"414141","name":"BLACK","inStock":10},{"code":"55CDD5","name":"TURQUOISE","inStock":10},{"code":"FCC23D","name":"YELLOW","inStock":10}],"images":["ABCDEF##2400"],"productStatus":"Active"}],"colors":["414141","3683D1","545195","C3C3C3","DD3A5B","55CDD5","FFFFFF","FCC23D"]}